{
    "base_url": "https://api-hub-backend.kubeodc-prod.corp.intranet",
    "backdoor_url": "https://po-auth-master.kubeodc-test.corp.intranet",
    "cms_viewer_url": "http://directory.corp.intranet/cmsviewer",
    "gateway_url": "https://api.lumen.com/",
    "apihub_status_url": "https://api-hub-status.corp.intranet/status/apihub",
    "service_now_request_number_url": "https://mysupportdesk.service-now.com/now/sc_req_item.do?sysparm_query=number%3D",
    "audio_url": "https://audio.level3.com/new/request.asp?platid=5785",
    "management_rights_how_to_url": "https://centurylink.sharepoint.com/sites/APIandPlatforms/SitePages/API-HUB-Management-Rigths.aspx"
}
