{
    "QualityGate1-Unit" :{
    "PassPercentage": 100.00
    },
    "QualityGate2-Regression" :{
    "PassPercentage": 100.00
    },
    "QualityGate2-Functional" :{
    "PassPercentage": 100.00
    },
    "QualityGate3-Sanity":{
    "PassPercentage": 100.00
    },
    "QualityGate3-InterSystem":{
    "PassPercentage": 100.00
    },
    "QualityGate4-Sanity":{
    "PassPercentage": 100.00
    },
    "QualityGate4-Solution":{
    "PassPercentage": 100.00
    },
    "QualityGate4-LnP":{
    "PassPercentage": 100.00
    },
    "QualityGate5-Sanity":{
    "PassPercentage": 100.00
    },
    "QualityGate5-UAT":{
    "PassPercentage": 100.00
    },
    "QualityGate7-ProductionSanity":{
    "PassPercentage": 100.00
    }
}
