<org.jenkinsci.plugins.workflow.multibranch.WorkflowMultiBranchProject plugin="workflow-multibranch@2.21">
<actions/>
<description>Builds po-api-exchange-ui pull request SHA-1 or branch provided as PR_COMMIT parameter and creates an S3 bucket to serve it.</description>
<displayName>po-api-exchange-ui</displayName>
<properties>
<org.jenkinsci.plugins.pipeline.maven.MavenConfigFolderOverrideProperty plugin="pipeline-maven@3.8.2">
<settings class="jenkins.mvn.DefaultSettingsProvider"/>
<globalSettings class="jenkins.mvn.DefaultGlobalSettingsProvider"/>
<override>false</override>
</org.jenkinsci.plugins.pipeline.maven.MavenConfigFolderOverrideProperty>
<org.jenkinsci.plugins.pipeline.modeldefinition.config.FolderConfig plugin="pipeline-model-definition@1.3.9">
<dockerLabel/>
<registry plugin="docker-commons@1.15"/>
</org.jenkinsci.plugins.pipeline.modeldefinition.config.FolderConfig>
<com.cloudbees.hudson.plugins.folder.properties.FolderCredentialsProvider_-FolderCredentialsProperty plugin="cloudbees-folder@6.9">
<domainCredentialsMap class="hudson.util.CopyOnWriteMap$Hash">
<entry>
<com.cloudbees.plugins.credentials.domains.Domain plugin="credentials@2.3.0">
<specifications/>
</com.cloudbees.plugins.credentials.domains.Domain>
<java.util.concurrent.CopyOnWriteArrayList>
<org.jenkinsci.plugins.plaincredentials.impl.StringCredentialsImpl plugin="plain-credentials@1.5">
<id>sonar-test</id>
<description>sonar-test</description>
<secret>{AQAAABAAAAAw9DCF9De/QW/55cuxcszAVkndWE+/Se2S15uus23AoEl5ApybiTG03AHkKtV7PVl2k7Lt0V/1PX1L1XyadEjQkg==}</secret>
</org.jenkinsci.plugins.plaincredentials.impl.StringCredentialsImpl>
</java.util.concurrent.CopyOnWriteArrayList>
</entry>
</domainCredentialsMap>
</com.cloudbees.hudson.plugins.folder.properties.FolderCredentialsProvider_-FolderCredentialsProperty>
</properties>
<folderViews class="jenkins.branch.MultiBranchProjectViewHolder" plugin="branch-api@2.5.4">
<owner class="org.jenkinsci.plugins.workflow.multibranch.WorkflowMultiBranchProject" reference="../.."/>
</folderViews>
<healthMetrics>
<com.cloudbees.hudson.plugins.folder.health.WorstChildHealthMetric plugin="cloudbees-folder@6.9">
<nonRecursive>false</nonRecursive>
</com.cloudbees.hudson.plugins.folder.health.WorstChildHealthMetric>
</healthMetrics>
<icon class="jenkins.branch.MetadataActionFolderIcon" plugin="branch-api@2.5.4">
<owner class="org.jenkinsci.plugins.workflow.multibranch.WorkflowMultiBranchProject" reference="../.."/>
</icon>
<orphanedItemStrategy class="com.cloudbees.hudson.plugins.folder.computed.DefaultOrphanedItemStrategy" plugin="cloudbees-folder@6.9">
<pruneDeadBranches>true</pruneDeadBranches>
<daysToKeep>-1</daysToKeep>
<numToKeep>-1</numToKeep>
</orphanedItemStrategy>
<triggers>
<com.cloudbees.hudson.plugins.folder.computed.PeriodicFolderTrigger plugin="cloudbees-folder@6.9">
<spec>* * * * *</spec>
<interval>60000</interval>
</com.cloudbees.hudson.plugins.folder.computed.PeriodicFolderTrigger>
</triggers>
<disabled>false</disabled>
<sources class="jenkins.branch.MultiBranchProject$BranchSourceList" plugin="branch-api@2.5.4">
<data>
<jenkins.branch.BranchSource>
<source class="org.jenkinsci.plugins.github_branch_source.GitHubSCMSource" plugin="github-branch-source@2.5.8">
<id>ffc4a1ea-0d7c-4c77-a07b-fa83991866d8</id>
<apiUri>https://api.github.com</apiUri>
<credentialsId>allyourbotsarebelongtous-token</credentialsId>
<repoOwner>CenturyLink</repoOwner>
<repository>po-api-exchange-ui</repository>
<repositoryUrl>https://github.com/CenturyLink/po-api-exchange-ui.git</repositoryUrl>
<traits>
<org.jenkinsci.plugins.github__branch__source.BranchDiscoveryTrait>
<strategyId>1</strategyId>
</org.jenkinsci.plugins.github__branch__source.BranchDiscoveryTrait>
<org.jenkinsci.plugins.github__branch__source.OriginPullRequestDiscoveryTrait>
<strategyId>1</strategyId>
</org.jenkinsci.plugins.github__branch__source.OriginPullRequestDiscoveryTrait>
<org.jenkinsci.plugins.github__branch__source.ForkPullRequestDiscoveryTrait>
<strategyId>1</strategyId>
<trust class="org.jenkinsci.plugins.github_branch_source.ForkPullRequestDiscoveryTrait$TrustContributors"/>
</org.jenkinsci.plugins.github__branch__source.ForkPullRequestDiscoveryTrait>
<jenkins.plugins.git.traits.CloneOptionTrait plugin="git@3.12.1">
<extension class="hudson.plugins.git.extensions.impl.CloneOption">
<shallow>false</shallow>
<noTags>false</noTags>
<reference/>
<depth>0</depth>
<honorRefspec>false</honorRefspec>
</extension>
</jenkins.plugins.git.traits.CloneOptionTrait>
</traits>
</source>
<strategy class="jenkins.branch.DefaultBranchPropertyStrategy">
<properties class="empty-list"/>
</strategy>
</jenkins.branch.BranchSource>
</data>
<owner class="org.jenkinsci.plugins.workflow.multibranch.WorkflowMultiBranchProject" reference="../.."/>
</sources>
<factory class="org.jenkinsci.plugins.workflow.multibranch.WorkflowBranchProjectFactory">
<owner class="org.jenkinsci.plugins.workflow.multibranch.WorkflowMultiBranchProject" reference="../.."/>
<scriptPath>cicd/jenkins/Jenkinsfile</scriptPath>
</factory>
</org.jenkinsci.plugins.workflow.multibranch.WorkflowMultiBranchProject>
