<org.jenkinsci.plugins.workflow.multibranch.WorkflowMultiBranchProject plugin="workflow-multibranch@2.21">
<actions/>
<description/>
<properties>
<org.jenkinsci.plugins.configfiles.folder.FolderConfigFileProperty plugin="config-file-provider@3.6.2">
<configs class="sorted-set">
<comparator class="org.jenkinsci.plugins.configfiles.folder.FolderConfigFileProperty$1"/>
</configs>
</org.jenkinsci.plugins.configfiles.folder.FolderConfigFileProperty>
<com.cloudbees.hudson.plugins.folder.properties.FolderCredentialsProvider_-FolderCredentialsProperty plugin="cloudbees-folder@6.9">
<domainCredentialsMap class="hudson.util.CopyOnWriteMap$Hash">
<entry>
<com.cloudbees.plugins.credentials.domains.Domain plugin="credentials@2.3.0">
<specifications/>
</com.cloudbees.plugins.credentials.domains.Domain>
<java.util.concurrent.CopyOnWriteArrayList/>
</entry>
</domainCredentialsMap>
</com.cloudbees.hudson.plugins.folder.properties.FolderCredentialsProvider_-FolderCredentialsProperty>
<org.jenkinsci.plugins.pipeline.maven.MavenConfigFolderOverrideProperty plugin="pipeline-maven@3.8.2">
<settings class="jenkins.mvn.DefaultSettingsProvider"/>
<globalSettings class="jenkins.mvn.DefaultGlobalSettingsProvider"/>
<override>false</override>
</org.jenkinsci.plugins.pipeline.maven.MavenConfigFolderOverrideProperty>
<org.jenkinsci.plugins.pipeline.modeldefinition.config.FolderConfig plugin="pipeline-model-definition@1.3.9">
<dockerLabel/>
<registry plugin="docker-commons@1.15"/>
</org.jenkinsci.plugins.pipeline.modeldefinition.config.FolderConfig>
</properties>
<folderViews class="jenkins.branch.MultiBranchProjectViewHolder" plugin="branch-api@2.5.4">
<owner class="org.jenkinsci.plugins.workflow.multibranch.WorkflowMultiBranchProject" reference="../.."/>
</folderViews>
<healthMetrics>
<com.cloudbees.hudson.plugins.folder.health.WorstChildHealthMetric plugin="cloudbees-folder@6.9">
<nonRecursive>false</nonRecursive>
</com.cloudbees.hudson.plugins.folder.health.WorstChildHealthMetric>
</healthMetrics>
<icon class="jenkins.branch.MetadataActionFolderIcon" plugin="branch-api@2.5.4">
<owner class="org.jenkinsci.plugins.workflow.multibranch.WorkflowMultiBranchProject" reference="../.."/>
</icon>
<orphanedItemStrategy class="com.cloudbees.hudson.plugins.folder.computed.DefaultOrphanedItemStrategy" plugin="cloudbees-folder@6.9">
<pruneDeadBranches>true</pruneDeadBranches>
<daysToKeep>-1</daysToKeep>
<numToKeep>-1</numToKeep>
</orphanedItemStrategy>
<triggers>
<com.cloudbees.hudson.plugins.folder.computed.PeriodicFolderTrigger plugin="cloudbees-folder@6.9">
<spec>H/30 * * * *</spec>
<interval>14400000</interval>
</com.cloudbees.hudson.plugins.folder.computed.PeriodicFolderTrigger>
</triggers>
<disabled>false</disabled>
<sources class="jenkins.branch.MultiBranchProject$BranchSourceList" plugin="branch-api@2.5.4">
<data>
<jenkins.branch.BranchSource>
<source class="org.jenkinsci.plugins.github_branch_source.GitHubSCMSource" plugin="github-branch-source@2.5.8">
<id>d61aff28-0a63-4f65-b5e3-2aa445115cbb</id>
<apiUri>https://api.github.com</apiUri>
<credentialsId>allyourbotsarebelongtous-token</credentialsId>
<repoOwner>CenturyLink</repoOwner>
<repository>po-api-exchange-ui</repository>
<repositoryUrl>https://github.com/CenturyLink/po-api-exchange-ui.git</repositoryUrl>
<traits>
<org.jenkinsci.plugins.github__branch__source.BranchDiscoveryTrait>
<strategyId>3</strategyId>
</org.jenkinsci.plugins.github__branch__source.BranchDiscoveryTrait>
<jenkins.scm.impl.trait.WildcardSCMHeadFilterTrait plugin="scm-api@2.6.3">
<includes>master</includes>
<excludes/>
</jenkins.scm.impl.trait.WildcardSCMHeadFilterTrait>
</traits>
</source>
<strategy class="jenkins.branch.DefaultBranchPropertyStrategy">
<properties class="empty-list"/>
</strategy>
</jenkins.branch.BranchSource>
</data>
<owner class="org.jenkinsci.plugins.workflow.multibranch.WorkflowMultiBranchProject" reference="../.."/>
</sources>
<factory class="org.jenkinsci.plugins.workflow.multibranch.WorkflowBranchProjectFactory">
<owner class="org.jenkinsci.plugins.workflow.multibranch.WorkflowMultiBranchProject" reference="../.."/>
<scriptPath>cicd/jenkins/prune/Jenkinsfile</scriptPath>
</factory>
</org.jenkinsci.plugins.workflow.multibranch.WorkflowMultiBranchProject>
